Unnamed: 0,Age,TypeofContact,CityTier,DurationOfPitch,Occupation,Gender,NumberOfPersonVisiting,NumberOfFollowups,ProductPitched,PreferredPropertyStar,MaritalStatus,NumberOfTrips,Passport,PitchSatisfactionScore,OwnCar,NumberOfChildrenVisiting,Designation,MonthlyIncome
2273,34,0,1,9,2,2,2,4,0,3,1,4,0,1,0,0,1,17979
73,32,1,1,6,2,2,3,3,1,4,0,2,0,3,0,0,2,21220
167,30,1,3,11,2,1,2,3,3,3,0,3,0,4,1,1,3,24419
4725,39,1,3,9,3,2,3,4,3,4,3,2,0,4,1,2,3,26029
4219,37,0,1,31,2,1,3,4,1,4,1,2,0,3,1,2,2,24352
2620,34,1,1,9,2,2,3,4,0,3,2,2,0,3,0,2,1,21178
3015,27,0,1,7,2,1,4,6,0,3,1,5,0,4,1,3,1,23042
1106,30,1,3,6,2,2,3,4,1,5,1,2,0,4,1,1,2,24714
4541,53,0,1,32,3,1,3,5,4,3,1,5,0,5,0,2,0,32504
3334,55,0,1,7,2,1,3,4,3,3,1,2,0,5,1,2,3,29180
93,46,0,1,6,3,2,2,4,3,5,0,3,1,2,1,1,3,25673
4519,39,0,1,19,2,2,2,5,1,5,1,4,0,5,1,1,2,24966
112,54,0,2,32,2,1,1,2,4,3,2,3,1,3,1,0,0,32328
1287,42,1,1,19,3,2,3,1,1,5,1,6,0,4,1,0,2,20538
3583,33,1,1,12,2,1,3,2,0,3,1,5,0,5,1,2,1,21990
1551,35,1,1,6,3,2,1,4,0,3,2,2,0,4,1,0,1,17859
1284,39,1,1,16,3,2,3,3,3,3,3,1,0,3,1,0,3,28464
3232,29,1,1,17,2,1,3,4,1,3,3,5,0,4,1,2,2,22338
2887,23,0,1,11,1,2,3,5,0,3,3,7,0,5,1,1,1,22572
294,37,0,1,15,3,2,2,3,0,3,0,2,1,2,0,0,1,17326
4606,33,1,1,10,3,1,4,4,1,5,1,3,0,1,1,1,2,25403
4015,33,1,1,7,2,2,4,4,0,5,3,3,0,1,0,2,1,21634
4115,50,0,1,25,2,2,4,4,1,3,1,3,1,1,0,1,2,25482
2067,42,1,1,6,2,1,2,4,1,3,1,1,1,3,0,0,2,21062
4801,43,0,1,33,3,1,3,4,3,5,1,5,1,3,0,1,3,31869
1383,36,0,1,15,2,2,3,1,0,4,1,2,0,5,1,0,1,17810
1350,27,1,3,8,3,1,2,1,1,3,3,1,0,1,0,1,2,21500
4288,29,1,3,16,2,2,4,4,1,3,3,3,0,3,1,2,2,23931
2690,34,1,1,12,2,1,4,5,0,3,0,3,0,2,0,3,1,21589
3576,41,1,3,21,2,1,3,4,1,5,1,3,0,3,0,2,2,23317
4866,32,1,3,20,3,2,4,5,1,5,1,7,1,1,1,1,2,20980
1947,50,0,2,9,3,2,3,3,2,4,1,2,0,1,1,2,4,33200
1940,24,0,3,30,3,2,2,3,0,3,1,1,0,4,1,1,1,17400
4511,43,1,1,7,2,1,3,5,1,3,1,2,1,3,0,1,2,24740
1148,39,1,1,16,3,2,3,3,1,5,1,3,0,5,1,2,2,20377
1740,55,1,1,6,3,2,2,3,2,5,2,1,1,1,1,1,4,34045
4849,33,0,1,10,2,0,3,4,0,3,3,3,0,4,1,1,1,24887
3699,34,1,3,23,2,0,4,4,3,5,3,4,1,5,0,1,3,27242
4027,25,1,1,25,2,2,3,4,0,3,1,2,0,4,0,1,1,21452
1613,30,1,1,24,2,1,3,3,0,3,2,2,0,1,1,2,1,17632
4206,32,0,3,12,3,1,3,4,0,4,1,3,0,3,0,1,1,21467
2757,34,0,1,12,2,1,4,4,3,4,0,8,0,3,1,3,3,30556
2191,50,1,1,30,2,2,3,3,4,3,1,4,1,4,1,2,0,28973
673,33,1,1,6,2,2,3,4,0,5,2,4,1,4,0,0,1,17799
3264,36,0,3,18,3,2,3,4,1,3,1,3,0,5,0,1,2,23646
2645,50,0,1,25,2,2,4,4,1,3,1,3,1,2,0,2,2,25482
3648,49,0,3,14,3,1,4,4,0,3,1,4,1,4,1,2,1,21333
3412,37,0,3,14,3,1,3,2,1,5,0,4,0,1,1,1,2,23317
143,30,1,1,24,2,1,3,3,0,3,2,2,0,2,1,0,1,17632
3867,23,1,1,7,2,2,4,4,0,3,3,2,0,3,0,3,1,22053
1651,34,1,1,33,3,1,3,3,0,4,2,3,0,3,0,0,1,17311
4005,52,1,3,28,3,2,4,4,1,3,3,2,1,5,0,3,2,24119
3192,27,0,3,36,3,2,4,6,1,5,3,2,0,3,0,1,2,23647
706,40,0,3,30,2,0,3,1,4,4,3,5,1,3,1,2,0,28194
891,44,1,1,8,2,1,3,1,0,3,0,2,0,4,1,0,1,17011
4676,27,0,1,9,2,2,3,4,0,5,1,8,1,5,0,1,1,20720
3308,42,0,1,12,2,2,4,5,0,5,1,8,0,3,1,1,1,20785
2939,28,1,3,9,3,2,3,4,0,5,1,2,0,5,0,2,1,21719
4588,59,1,1,12,1,1,3,5,3,4,1,4,1,5,1,2,3,29230
3430,40,1,3,28,2,2,3,5,1,3,0,5,1,1,0,2,2,24798
3767,29,0,2,7,2,2,3,4,0,3,1,3,0,4,0,2,1,21384
3004,35,1,1,15,2,1,3,4,1,5,1,5,0,5,1,1,2,23799
1039,34,1,2,15,1,1,2,3,0,3,0,2,0,1,1,0,1,17742
1018,36,1,1,10,2,2,2,4,1,3,2,2,0,5,1,1,2,20810
147,41,0,1,16,2,2,3,4,4,5,1,5,0,2,1,0,0,32181
1563,46,0,1,6,3,2,2,4,3,5,1,3,1,1,1,1,3,25673
2904,27,1,3,36,3,2,3,4,1,3,1,7,0,5,1,1,2,22984
4732,32,0,3,27,2,2,4,2,0,3,1,2,0,5,1,1,1,21469
3961,38,1,1,26,2,2,4,4,0,4,1,6,0,4,0,2,1,21700
4035,34,0,3,29,3,2,4,4,1,4,1,2,0,1,0,1,2,24824
962,51,1,2,11,2,2,2,3,4,4,1,2,1,3,1,1,0,29026
553,40,1,1,8,3,1,2,4,0,3,2,1,1,3,1,1,1,17342
1845,49,1,1,13,2,2,2,4,3,3,3,1,0,1,1,0,3,25965
3765,48,1,1,16,2,1,4,4,0,3,2,6,0,3,1,1,1,20783
1724,29,1,3,26,3,2,2,3,1,3,1,3,0,1,1,0,2,21931
4384,25,0,3,31,3,2,3,4,0,3,1,2,0,4,1,2,1,21078
2340,35,1,3,23,2,2,3,3,1,5,1,4,1,3,0,2,2,23966
4257,30,1,3,17,3,1,3,5,1,4,1,3,1,5,1,1,2,26946
1662,35,1,1,29,2,2,2,4,1,3,1,4,1,4,1,0,2,20916
1847,36,1,1,8,2,1,3,3,0,3,1,5,0,5,1,0,1,17543
1126,50,1,3,5,3,2,2,3,2,3,1,5,1,5,0,1,4,34331
4689,44,1,3,32,3,2,4,5,3,3,1,7,0,4,1,2,3,29476
811,38,1,3,8,3,2,2,3,3,4,3,1,0,4,1,0,3,22351
3624,37,1,1,14,2,2,4,4,0,4,2,4,0,1,0,3,1,20691
2754,32,1,2,9,2,2,4,5,1,5,0,5,0,3,0,2,2,25088
2890,42,0,3,17,2,2,3,4,1,3,3,2,0,2,0,2,2,24908
523,50,1,1,34,3,2,3,2,0,3,0,2,1,2,1,2,1,18221
4393,25,0,1,14,2,1,3,4,0,3,1,3,1,4,0,1,1,21564
853,19,1,1,15,2,2,2,3,0,5,2,2,0,3,0,0,1,17552
4598,41,1,3,17,3,2,4,5,3,4,1,4,0,4,0,1,3,28383
2909,47,0,1,25,3,1,3,4,3,3,0,7,0,3,1,1,3,29205
3123,32,0,3,27,3,1,3,4,1,3,0,3,0,2,1,1,2,25610
750,44,1,3,34,3,1,2,1,4,3,0,4,1,2,1,1,0,28320
2983,51,1,3,15,3,2,3,4,0,4,0,2,0,2,1,1,1,22553
2325,37,1,1,7,2,1,2,4,1,3,1,2,0,1,0,0,2,21474
3552,36,1,1,7,3,2,4,5,0,5,2,3,0,1,0,3,1,21128
2780,30,1,1,15,2,2,4,6,0,5,0,3,1,3,1,2,1,20797
4586,43,1,3,21,3,0,4,5,1,3,3,2,0,3,1,1,2,24922
4234,28,1,3,9,2,2,4,4,1,3,3,3,1,4,0,2,2,23156
4176,33,1,1,9,1,2,3,5,1,5,2,6,0,4,0,2,2,20854
276,35,1,1,28,2,1,3,2,3,4,1,1,0,5,1,1,3,26996
1589,43,0,3,32,2,2,3,3,4,3,1,2,1,1,1,0,0,31959
3240,26,1,1,11,1,2,3,4,0,3,0,3,1,3,1,1,1,22369
4846,30,0,1,9,3,2,3,5,0,5,3,2,0,4,1,2,1,22017
3813,29,1,3,20,3,0,3,4,1,3,3,5,1,5,1,2,2,28532
2802,37,0,3,7,3,0,3,4,1,3,3,6,0,2,1,2,2,25331
4007,47,0,1,7,3,2,3,5,3,5,1,4,1,1,1,2,3,29351
2633,52,1,1,10,3,1,4,4,4,4,2,5,0,5,0,2,0,32412
4090,34,1,1,9,2,2,3,4,0,3,2,2,0,3,1,1,1,21178
4058,33,0,3,16,3,2,3,6,1,3,1,2,0,1,0,2,2,23346
4885,52,1,3,17,2,1,4,4,3,4,1,7,0,1,1,3,3,31820
68,35,0,1,6,3,2,3,3,0,5,0,5,0,2,0,1,1,17194
1888,26,1,1,29,2,1,2,3,0,3,1,2,0,3,0,0,1,17886
2761,53,1,1,15,3,2,3,5,1,4,0,4,0,2,1,2,2,23619
4379,47,0,1,25,3,1,3,4,3,3,1,7,0,3,0,2,3,29205
3461,28,1,1,18,2,2,4,4,0,5,0,2,0,5,1,3,1,20777
1363,33,1,3,16,3,2,2,3,1,3,2,2,0,1,0,0,2,20487
2149,31,0,3,26,3,1,2,3,1,3,1,2,0,1,1,1,2,21932
4877,39,0,1,16,2,2,4,4,1,5,1,6,0,3,0,3,2,25571
2622,47,1,3,7,3,1,4,4,3,5,1,3,0,2,1,2,3,29131
1973,34,1,1,6,2,2,2,3,0,3,1,2,0,3,1,1,1,17691
842,28,1,1,18,2,1,3,3,0,3,0,2,1,4,1,0,1,17515
2517,33,1,1,7,2,2,4,4,1,4,0,3,0,3,0,1,2,24898
2721,39,1,3,14,3,1,3,3,1,5,1,3,1,3,0,1,2,24283
1033,31,0,1,6,2,1,3,1,3,4,3,2,0,3,1,2,3,22446
2781,30,1,1,16,2,2,2,5,0,3,3,2,0,2,1,1,1,22661
311,45,0,1,13,2,2,3,3,3,5,1,2,0,2,1,2,3,20210
2843,32,1,1,7,2,2,4,5,0,5,0,3,0,4,0,1,1,20896
1726,42,1,1,8,3,1,2,4,0,5,1,1,1,4,1,1,1,17593
4693,52,1,1,11,2,2,3,4,0,3,1,2,1,1,0,1,1,21139
2044,34,1,1,6,2,1,3,1,0,3,2,3,0,1,1,1,1,18280
2560,35,1,1,12,3,1,3,5,3,5,2,4,0,2,0,1,3,30309
468,52,1,1,12,1,2,3,3,1,5,1,4,1,4,1,2,2,20577
3506,45,0,1,9,3,2,3,4,3,3,2,7,1,1,0,2,3,28887
4078,28,0,1,10,3,2,4,5,0,3,1,3,1,1,0,3,1,21244
547,42,0,1,25,3,2,2,2,0,3,1,7,1,3,1,1,1,17759
4574,59,0,1,9,2,2,3,5,0,3,1,2,1,1,1,1,1,21058
4183,37,1,1,13,2,2,3,4,0,3,1,2,0,5,1,2,1,21888
4692,47,1,1,15,2,1,4,5,1,5,1,2,1,1,1,3,2,23293
2389,59,0,1,20,2,0,2,3,3,3,3,1,1,5,1,0,3,25512
3370,44,1,3,11,3,1,3,5,3,3,2,5,0,3,1,1,3,28909
915,21,0,1,16,2,1,2,4,0,3,2,2,0,4,1,0,1,17625
2132,20,1,3,8,3,1,2,4,0,3,2,2,0,4,1,0,1,17044
1195,49,1,1,6,2,2,2,3,4,3,2,5,0,3,1,0,0,30379
883,33,1,1,15,3,2,2,3,0,3,0,1,0,2,1,0,1,17781
4559,30,1,3,7,3,1,3,5,0,3,1,8,1,1,1,2,1,21478
4089,57,1,1,15,2,1,4,4,0,5,1,6,1,4,1,2,1,22935
3040,36,1,1,7,2,1,3,2,0,3,2,5,0,3,0,1,1,21184
4515,41,0,1,23,3,2,3,5,1,3,3,8,0,5,0,1,2,23772
2320,32,0,3,8,2,1,3,3,0,5,1,2,0,3,1,0,1,17827
1753,55,1,1,26,1,2,2,3,1,3,1,4,1,1,0,0,2,20415
3157,46,1,1,7,3,1,4,4,0,3,1,5,0,5,0,2,1,20948
3,33,0,1,9,2,1,2,3,0,3,0,2,1,5,1,1,1,17909
4691,22,1,1,17,2,1,3,5,0,5,2,3,0,3,0,2,1,20094
1189,33,1,3,8,3,2,3,3,1,3,1,2,0,3,1,1,2,20505
1733,46,1,3,8,1,1,3,5,4,4,1,4,1,5,1,0,0,31872
4177,47,1,3,9,1,1,4,6,4,4,1,5,1,5,1,1,0,35550
952,31,0,3,6,2,1,2,3,0,4,2,2,1,5,1,1,1,17302
1669,38,1,1,35,1,2,2,3,1,3,1,4,0,1,0,0,2,21261
3465,26,1,3,16,2,2,4,5,0,5,0,5,0,1,1,1,1,23078
1476,59,1,1,9,3,1,2,1,0,5,1,5,1,1,0,1,1,17670
2753,32,1,1,12,1,2,3,4,0,3,0,2,1,4,0,2,1,23499
2465,37,1,3,16,2,2,3,5,1,5,3,2,0,2,0,1,2,22085
263,46,1,3,8,1,1,3,5,4,4,0,4,1,5,1,2,0,31872
4708,35,0,1,10,2,2,3,4,1,3,3,2,0,1,1,1,2,26434
3606,36,1,3,17,3,2,3,5,3,5,1,2,0,5,1,2,3,28984
729,35,1,1,31,3,1,2,3,3,3,1,2,1,3,1,1,3,25388
1492,34,1,1,13,2,0,2,3,3,4,3,1,0,5,0,0,3,26994
4202,27,1,1,23,3,2,3,4,0,4,1,4,1,1,1,1,1,21051
1712,41,1,1,25,2,2,2,3,1,5,1,3,0,1,0,0,2,18072
1980,54,1,2,25,3,2,2,3,3,4,1,3,0,3,1,1,3,25725
1054,49,1,1,13,2,2,2,3,3,4,1,4,0,4,0,1,3,25466
2508,37,1,1,15,1,1,3,4,3,3,1,3,0,4,1,2,3,28774
1622,53,1,3,12,3,2,2,3,1,3,1,3,1,5,0,1,2,17306
60,32,1,1,6,3,2,2,3,1,3,0,2,1,4,1,0,2,21162
2054,42,0,1,14,2,2,3,3,2,3,1,2,0,5,1,1,4,33430
3292,36,0,1,11,2,2,3,5,0,3,0,3,0,2,1,1,1,21054
4289,50,1,1,14,2,2,3,5,3,3,2,2,0,1,1,1,3,29643
2008,41,1,2,6,2,2,2,4,2,3,1,2,0,1,1,1,4,34189
4065,36,1,3,7,3,2,4,4,3,4,1,3,0,4,0,1,3,25973
3747,48,1,1,11,2,1,4,5,3,4,1,2,1,4,1,3,3,29011
4788,31,1,1,14,2,2,3,4,1,3,1,3,0,5,1,2,2,22169
823,29,0,1,16,2,1,3,3,0,4,1,1,0,5,1,0,1,18291
2036,47,0,3,33,2,1,3,1,1,3,3,5,1,4,0,1,2,21397
4166,30,1,1,22,2,2,3,4,0,3,2,3,0,3,1,2,1,21018
4248,46,1,1,15,2,2,4,4,1,3,1,2,0,3,1,1,2,22375
4746,38,1,1,32,3,1,3,5,1,3,1,2,0,3,1,1,2,24409
2662,46,0,3,13,3,0,3,5,3,3,3,8,0,4,1,1,3,27543
540,28,1,1,6,2,1,3,5,0,4,2,1,1,2,1,0,1,17216
2639,38,1,1,28,2,2,4,3,0,5,0,3,1,3,0,3,1,22242
4029,38,1,3,10,2,2,3,4,3,3,3,4,0,3,0,2,3,26106
2163,36,1,3,9,2,2,2,4,3,3,1,2,1,1,1,0,3,25325
2777,44,1,1,14,2,1,3,4,3,5,0,2,0,5,1,1,3,28663
1839,31,1,1,15,2,2,2,4,0,4,2,1,1,3,1,0,1,17657
4154,40,1,1,7,3,1,4,4,0,3,1,2,0,3,1,1,1,20910
3221,22,1,1,17,2,1,3,5,0,5,2,3,0,3,1,1,1,20094
921,28,0,1,6,3,2,2,3,0,3,2,1,1,4,0,0,1,17154
3862,39,0,1,13,2,2,4,5,1,3,1,4,0,4,1,2,2,23999
4191,39,1,3,14,3,1,3,2,1,5,1,3,1,3,1,2,2,24283
4561,36,1,1,32,1,2,4,5,3,4,1,5,0,3,1,2,3,29581
1049,30,1,3,22,2,2,3,3,1,3,0,1,0,3,0,2,2,20301
4697,42,1,1,14,1,1,3,2,0,3,1,3,0,3,0,1,1,22054
2232,26,0,1,8,2,2,2,3,0,5,1,7,1,5,0,0,1,17042
2201,20,1,1,17,3,1,3,4,0,5,2,2,1,3,1,2,1,17600
3147,39,0,3,17,1,0,3,4,1,3,3,3,1,3,0,2,2,24344
2378,33,1,3,31,3,2,2,4,3,4,3,3,1,5,1,0,3,23380
2658,31,1,1,10,1,1,3,4,0,5,3,7,1,4,1,2,1,21335
3276,38,1,1,32,3,1,3,5,1,3,1,2,0,3,0,2,2,24409
3319,45,1,1,36,2,2,3,4,1,3,3,3,0,5,1,2,2,23219
2635,28,1,1,16,3,1,3,4,0,4,2,3,0,3,1,1,1,20957
3448,27,1,1,14,2,2,4,2,0,5,3,2,0,1,1,1,1,22256
4462,44,0,3,22,2,2,3,5,1,3,1,5,0,5,1,1,2,25482
2153,25,1,3,25,3,2,2,4,0,4,1,2,1,1,0,1,1,17413
1500,33,1,1,8,3,2,3,3,0,3,2,5,0,3,0,2,1,17496
791,35,1,3,10,1,2,2,3,3,5,3,1,1,4,1,1,3,24582
4282,41,1,3,29,3,2,4,5,1,3,1,4,1,3,1,1,2,25058
1224,26,1,1,23,3,2,3,5,0,3,1,2,0,3,0,2,1,17305
3049,39,0,1,19,2,2,3,5,1,5,1,4,0,5,1,1,2,24966
2200,30,1,1,14,2,1,3,1,3,5,1,1,1,1,0,2,3,26416
2987,45,0,1,31,3,2,3,6,0,3,3,4,0,3,0,2,1,22386
971,51,1,1,17,1,0,2,4,4,4,3,4,0,1,0,1,0,28142
1576,50,0,1,6,2,1,3,3,2,4,1,4,1,1,0,2,4,33172
1212,34,1,1,25,2,1,2,4,0,3,1,2,0,4,1,1,1,17929
554,27,1,1,13,3,1,2,4,1,5,3,1,0,3,1,0,2,21811
1835,46,0,1,13,3,1,1,3,1,3,1,3,0,5,1,0,2,20258
205,29,1,3,33,3,1,2,3,3,3,0,2,0,3,1,1,3,22639
3175,21,1,1,18,3,1,4,5,0,5,3,3,1,3,0,2,1,21278
692,32,1,1,9,3,1,3,3,1,5,0,2,0,2,1,1,2,21725
1928,40,0,3,34,2,2,2,5,3,5,1,4,0,5,0,1,3,25932
3107,22,1,1,25,2,1,4,4,0,3,3,3,0,3,1,2,1,21371
867,50,0,1,8,3,1,1,3,4,5,0,3,0,3,1,0,0,32856
3783,23,1,1,14,2,2,4,4,0,4,2,3,1,3,1,1,1,21150
4720,53,1,1,6,2,2,3,4,3,4,2,2,0,3,1,2,3,29123
2198,54,1,1,23,1,1,2,3,3,3,1,1,0,5,0,0,3,25739
4105,28,1,1,16,3,1,5,4,0,4,2,3,0,3,0,2,1,20957
2442,18,1,3,15,3,2,2,3,0,3,2,2,0,5,0,1,1,16611
1465,36,0,1,29,3,2,2,1,1,3,1,5,0,3,0,0,2,17571
615,27,0,1,9,3,2,2,3,0,3,0,2,0,2,1,0,1,16706
2952,36,1,1,13,2,2,3,6,1,3,3,3,0,5,1,1,2,25324
2280,46,1,3,9,3,2,2,3,4,3,1,4,0,1,1,0,0,32465
4612,36,1,3,25,3,1,3,4,1,3,1,3,0,4,1,2,2,23279
1257,31,1,3,22,3,2,3,3,3,3,1,3,0,5,1,0,3,23161
2078,55,1,3,8,3,2,2,3,1,3,2,5,0,1,1,0,2,20160
2554,52,0,1,7,3,0,2,5,3,5,3,5,0,2,1,1,3,26162
2547,35,1,1,13,2,1,3,4,1,3,3,3,0,3,1,1,2,23487
3854,41,1,3,9,3,1,4,4,1,4,1,5,0,3,1,2,2,24355
979,34,1,1,35,3,2,2,3,1,3,0,5,0,3,0,0,2,20429
3428,29,1,3,33,2,2,3,5,1,5,0,3,0,4,1,1,2,23402
3138,34,1,1,7,2,0,3,5,1,3,3,2,0,4,0,1,2,25627
951,41,0,3,16,3,2,2,5,1,4,2,2,0,1,1,0,2,21151
4871,41,1,3,23,3,2,4,4,3,3,1,4,0,5,0,2,3,22222
290,49,0,1,16,2,1,2,3,2,5,2,1,1,3,0,0,4,33665
1040,40,0,1,14,3,2,2,4,3,4,1,3,0,1,1,1,3,28757
1104,29,1,1,15,2,2,3,1,0,3,1,7,0,5,1,0,1,17451
2402,29,0,1,8,3,2,2,4,0,5,2,1,0,4,1,1,1,18339
4674,54,0,3,9,3,1,3,5,3,4,1,4,0,1,1,1,3,26203
2830,38,1,1,21,2,1,4,4,0,5,1,3,0,4,1,1,1,21712
2546,21,0,1,13,2,1,4,5,0,3,3,3,1,2,1,2,1,21604
4493,35,1,1,9,3,1,3,5,0,5,3,3,0,1,1,1,1,23059
3451,30,0,1,21,2,0,3,4,3,3,3,2,1,5,1,1,3,26231
3750,32,0,3,14,3,1,4,4,3,5,1,4,0,1,1,3,3,28315
1703,50,1,3,6,3,1,3,3,2,3,1,4,0,1,1,0,4,34517
416,38,0,1,8,2,2,2,3,0,3,0,2,1,5,1,1,1,16702
3493,31,1,3,23,2,2,4,4,1,3,0,2,0,3,0,3,2,23979
1633,57,1,1,30,2,2,2,1,3,3,1,4,1,4,1,0,3,24439
2381,25,1,1,9,2,2,2,3,0,5,1,5,0,5,1,0,1,16118
909,19,1,1,31,2,1,2,1,0,3,2,2,1,5,1,0,1,17994
2510,37,0,1,18,2,2,4,5,1,4,3,3,0,4,1,2,2,25177
1967,44,1,1,9,2,2,2,3,2,3,1,5,1,1,0,1,4,34513
3119,32,1,3,14,2,2,3,5,0,3,0,5,0,4,1,2,1,21007
4477,26,1,3,33,3,0,3,4,1,3,3,3,0,4,0,1,2,24858
3796,45,1,1,7,2,2,4,2,1,5,1,4,0,3,1,3,2,23711
2760,50,1,1,7,1,1,3,5,4,3,2,2,1,3,1,1,0,32642
1630,22,1,1,25,3,2,3,3,0,3,1,2,0,1,1,0,1,17323
2296,38,1,2,6,2,2,2,1,0,3,1,2,0,4,1,0,1,17844
1219,29,1,1,15,3,1,2,3,0,3,1,1,0,5,1,1,1,17974
3497,58,1,1,7,2,2,4,2,1,3,0,2,0,3,1,3,2,23578
4209,43,0,3,33,3,1,4,4,4,4,1,7,0,3,1,2,0,32203
4377,27,1,1,31,1,2,4,6,0,3,2,3,1,3,0,2,1,21018
2488,31,0,1,7,3,1,3,4,1,3,3,3,0,3,1,1,2,22689
3757,30,1,2,20,2,2,3,5,0,5,1,6,1,5,1,2,1,21013
3534,30,1,1,15,2,1,3,6,1,5,1,5,0,1,0,1,2,28393
3135,41,0,1,16,3,2,3,4,0,4,1,2,1,4,0,2,1,22295
4349,34,1,1,22,3,2,3,4,3,3,1,2,1,5,1,1,3,32288
3698,50,1,3,18,3,1,4,4,1,3,3,5,0,4,0,2,2,23185
2636,36,1,1,30,2,2,3,5,1,3,0,5,1,4,1,2,2,24594
2445,50,0,1,15,2,2,4,5,1,4,0,3,0,3,1,3,2,23808
3586,46,1,1,12,3,0,3,6,1,5,3,3,1,3,1,1,2,24447
4485,27,0,1,7,2,1,4,6,0,3,1,5,0,4,1,1,1,23042
4238,31,1,1,35,3,1,4,4,1,3,1,3,0,3,1,3,2,24453
776,20,0,3,15,3,1,2,3,0,3,2,2,1,4,0,0,1,17323
3746,36,1,1,30,3,2,4,6,0,3,1,2,0,1,1,1,1,21383
3875,33,1,3,7,3,1,3,4,3,3,1,3,0,5,1,1,3,29100
4081,31,1,3,12,2,1,3,4,3,3,1,4,0,4,1,2,3,28097
4514,33,1,1,11,2,1,4,5,1,3,1,3,0,4,1,2,2,24840
831,31,0,1,21,3,2,3,3,0,3,0,2,0,4,1,2,1,17610
4096,42,1,3,27,3,1,4,4,0,4,3,3,1,4,0,2,1,21818
272,28,1,1,15,3,2,3,3,0,3,0,2,0,2,1,1,1,17070
4416,54,1,3,7,3,0,3,4,1,5,3,2,0,1,1,2,2,27059
3760,44,0,3,9,2,2,4,4,1,3,1,3,0,3,1,3,2,24353
2951,30,1,3,10,3,1,4,4,1,3,0,3,0,2,0,1,2,24239
1770,41,1,3,8,2,2,2,3,4,4,2,2,0,3,1,1,0,31015
2306,29,1,3,29,2,1,2,4,3,5,1,2,0,3,1,1,3,22336
2743,52,1,1,9,3,2,3,6,1,4,1,7,0,2,0,1,2,24160
3016,30,1,1,34,3,1,4,4,1,3,0,6,0,2,1,1,2,23013
4843,29,0,3,20,1,1,3,4,1,4,3,7,0,3,1,1,2,22545
790,33,1,1,11,2,2,2,4,3,3,1,5,0,3,0,0,3,22119
3808,29,0,3,7,2,2,3,5,1,3,1,3,1,1,0,1,2,25512
4327,43,0,1,35,1,1,3,5,1,3,1,2,0,3,0,2,2,23201
3529,32,0,1,10,2,1,3,4,0,3,3,3,0,4,1,2,1,22762
1311,18,0,1,20,3,1,2,3,0,3,2,2,0,5,1,0,1,16514
3519,33,1,1,17,3,2,2,4,3,3,2,4,0,1,0,1,3,29922
1466,39,1,1,12,3,2,2,4,3,5,1,5,0,4,1,0,3,24991
1086,50,0,1,28,3,2,2,5,4,3,2,2,1,1,1,1,0,29411
1760,49,0,1,16,2,1,2,3,2,5,2,1,1,3,0,1,4,33665
3037,37,1,1,7,2,1,3,4,1,4,0,2,0,5,0,1,2,23906
743,59,1,1,8,2,1,3,4,4,3,2,4,1,5,0,2,0,28726
4030,35,1,1,12,3,1,3,5,3,5,2,4,0,1,1,2,3,30309
4378,38,1,1,7,1,0,3,4,3,3,3,6,0,5,1,1,3,26169
3415,52,1,1,18,1,1,3,5,4,4,2,5,0,1,0,2,0,31820
3866,36,1,1,18,3,2,3,4,0,3,1,2,1,5,0,1,1,21338
2703,32,0,1,36,3,2,4,5,0,4,3,2,0,3,1,3,1,22157
4357,23,0,1,11,1,2,4,5,0,3,3,7,0,5,0,1,1,22572
1759,28,1,1,14,2,1,3,3,0,3,2,2,0,4,1,1,1,18310
1715,31,0,1,9,3,2,3,3,3,3,1,1,0,4,1,0,3,28675
2101,44,1,1,14,2,2,3,1,0,3,1,3,1,3,1,0,1,17818
1774,39,1,1,6,3,2,2,1,3,3,1,1,0,3,1,0,3,24613
1200,44,1,2,6,2,1,2,3,0,3,1,5,1,3,1,0,1,18195
4083,33,1,1,13,2,2,3,4,0,3,3,5,0,1,0,2,1,21716
2283,39,0,1,8,2,2,2,3,4,3,1,1,0,3,1,0,0,27169
3327,34,1,1,16,3,2,3,4,0,3,0,2,0,2,1,1,1,21459
2736,32,0,3,12,3,1,3,4,0,4,1,3,0,3,0,2,1,21467
3707,43,1,1,19,3,2,3,4,0,4,1,2,0,1,1,2,1,21444
4373,42,0,1,9,2,0,4,5,1,3,3,4,1,1,0,1,2,25489
4413,34,1,3,15,3,2,3,4,1,3,1,2,0,1,0,1,2,25782
3307,34,1,2,9,2,2,3,4,0,3,0,3,0,2,0,1,1,22278
4521,50,1,3,18,3,1,3,4,3,3,1,3,0,4,0,1,3,26332
235,43,1,3,22,3,1,3,3,4,3,0,6,1,3,0,1,0,31064
58,31,1,1,13,2,2,2,3,1,3,1,4,0,3,1,0,2,20915
855,37,1,1,6,2,1,2,4,1,3,0,2,0,2,1,1,2,21474
1748,26,0,1,6,2,1,2,3,1,4,1,2,0,5,1,1,2,21397
3021,38,1,1,17,2,1,3,4,0,5,1,2,1,3,1,2,1,21460
2804,58,1,1,7,3,2,3,4,1,3,0,4,0,3,1,2,2,25433
218,45,0,3,12,3,0,2,4,3,3,3,7,0,4,1,0,3,23865
4103,52,1,1,10,3,1,4,4,4,4,2,5,0,5,1,2,0,32412
4368,30,1,1,26,1,2,3,4,1,3,1,6,0,5,1,1,2,22940
4445,33,1,1,10,2,1,3,4,3,3,2,5,0,1,1,1,3,29837
4701,56,0,1,9,2,2,4,4,3,4,1,5,0,1,0,2,3,29654
2785,39,1,1,22,2,2,4,5,3,3,1,2,1,5,1,2,3,30188
4796,37,1,1,8,1,1,4,6,3,5,1,4,1,1,1,1,3,28930
2247,21,1,1,16,2,1,2,4,0,5,2,2,0,3,0,1,1,16416
227,29,0,3,6,3,1,2,3,3,3,0,2,0,3,1,0,3,22918
1361,26,0,1,12,2,2,3,1,0,3,1,1,0,4,1,1,1,17544
1330,43,1,1,12,3,1,2,4,2,3,1,1,0,3,1,1,4,34392
3318,31,1,1,14,2,2,3,4,1,3,1,3,0,5,1,2,2,22169
186,40,1,1,10,3,1,2,3,2,3,0,2,0,5,0,1,4,34033
3733,39,0,2,9,2,2,4,4,0,4,1,7,0,3,1,3,1,21270
2284,40,1,1,20,3,2,2,4,2,3,2,2,0,3,1,1,4,34626
4353,32,0,1,27,2,2,4,4,3,3,1,5,0,3,1,1,3,28502
3581,23,0,1,33,2,1,3,5,0,3,1,3,1,3,0,1,1,21492
3985,30,1,1,9,2,2,4,4,0,4,1,2,0,4,1,1,1,21381
4370,32,1,3,14,2,2,3,5,3,3,1,2,0,3,1,1,3,30235
3936,35,1,1,14,2,1,3,4,3,4,2,2,0,5,0,1,3,30672
3101,30,1,1,14,3,1,4,5,0,3,1,8,0,5,1,1,1,21210
1860,43,1,1,18,2,2,2,4,4,4,1,2,0,3,1,1,0,29336
2264,34,0,1,9,2,2,2,3,1,3,3,1,0,1,1,0,2,22756
182,41,1,3,26,3,1,3,3,0,4,2,2,1,4,0,2,1,18140
1526,35,0,3,5,2,2,3,3,3,5,1,2,0,4,0,0,3,24069
427,60,0,3,34,3,1,3,4,3,5,0,5,0,2,1,0,3,25266
4330,39,0,1,9,2,2,3,4,0,3,1,3,1,5,1,1,1,20380
3793,27,1,1,7,2,1,3,5,0,3,1,3,1,4,0,1,1,21611
705,39,1,3,8,2,2,2,1,3,3,3,1,0,2,1,1,3,22880
2075,38,0,1,18,2,2,1,4,1,5,1,3,0,5,1,0,2,21288
4129,42,1,3,13,2,1,4,4,3,3,2,5,1,1,0,1,3,32269
2900,32,1,3,14,2,2,3,5,3,3,1,2,0,3,1,1,3,30235
1559,46,1,3,15,3,2,3,4,3,3,3,2,0,5,1,2,3,24619
4848,26,1,1,16,2,2,3,4,0,5,2,5,0,1,1,1,1,20774
253,42,1,1,23,2,1,2,2,1,5,3,4,1,2,0,0,2,21545
25,53,1,1,11,2,1,2,3,2,3,1,5,0,5,0,1,4,34094
1498,44,1,1,13,3,1,2,4,3,3,1,4,0,4,0,0,3,25248
4270,43,1,1,9,2,2,4,5,1,3,3,5,0,1,1,1,2,25459
2548,38,0,1,9,2,2,4,5,1,3,1,7,0,2,0,2,2,23841
580,35,1,3,14,2,1,3,3,0,3,0,2,0,3,0,0,1,17572
1493,21,1,1,21,2,2,3,3,0,3,2,2,0,5,1,1,1,16232
381,30,1,3,8,1,2,3,3,0,4,0,2,0,3,1,2,1,17476
2774,44,0,1,17,2,1,3,5,1,3,1,3,0,3,0,1,2,23935
2613,33,1,1,13,2,2,3,4,0,3,3,5,0,2,0,2,1,21716
1249,29,1,3,15,3,1,2,5,0,4,2,2,0,1,1,1,1,17760
4784,36,1,3,24,2,2,4,4,1,5,1,5,1,3,0,3,2,27644
605,38,0,1,18,2,2,2,4,1,5,1,3,0,5,1,0,2,21288
1470,41,1,3,6,2,1,3,3,1,3,2,1,1,4,0,2,2,20993
3336,20,0,1,17,3,1,4,5,0,4,2,3,1,5,1,2,1,20537
3485,29,1,3,12,3,2,3,4,1,5,3,2,0,1,1,1,2,27141
3244,29,0,1,7,3,2,3,5,0,4,1,3,0,4,0,1,1,21274
2433,38,0,1,15,2,2,3,3,1,5,1,5,0,3,0,2,2,21893
1755,37,1,1,6,2,1,2,3,0,3,2,2,0,1,1,0,1,17115
1505,43,1,1,8,3,1,3,1,0,3,1,2,0,1,1,2,1,17645
1795,31,0,1,13,2,1,2,4,3,3,1,2,0,1,1,0,3,23943
3704,33,0,1,12,1,2,4,4,0,4,3,4,0,3,1,2,1,21396
955,55,1,1,8,3,1,2,5,2,3,0,5,0,4,1,1,4,34187
1809,27,1,3,14,3,1,2,3,1,4,1,2,0,1,0,1,2,21214
4469,30,1,3,17,3,2,3,4,0,4,1,3,0,1,1,1,1,20975
1095,33,1,1,34,2,2,3,3,1,3,1,2,1,1,1,0,2,20207
3722,37,1,1,17,2,2,3,4,3,5,1,2,1,5,1,2,3,26999
4320,53,1,1,10,3,2,3,5,3,3,1,4,1,1,1,1,3,26647
4528,27,0,1,12,3,1,3,5,0,3,1,3,1,1,0,2,1,21044
4579,48,1,3,9,2,1,4,5,0,3,3,3,1,1,0,1,1,21972
3120,36,1,1,28,2,1,3,4,1,3,0,3,1,3,0,2,2,22692
1642,36,0,1,9,3,2,1,3,0,4,2,5,0,4,1,0,1,17088
4762,36,0,1,11,2,2,3,5,0,3,1,3,0,1,1,2,1,21054
2257,55,0,1,8,2,2,3,3,3,4,1,4,0,1,0,1,3,25976
2856,47,1,1,25,3,1,3,4,1,3,1,4,0,5,0,1,2,23488
3546,37,1,3,9,2,2,4,4,0,3,3,5,1,3,0,1,1,21322
4265,33,1,1,9,3,1,4,4,0,4,1,3,0,4,0,2,1,21048
4638,25,1,1,24,3,1,3,5,1,3,1,3,0,3,0,1,2,23055
2555,35,0,1,14,2,2,4,6,1,3,3,3,1,5,1,2,2,24752
3773,30,1,2,13,3,2,3,5,0,4,1,3,0,3,1,2,1,21482
292,31,0,3,11,3,1,2,3,0,4,1,2,0,3,0,1,1,17789
4730,40,0,1,16,2,2,4,4,1,4,3,2,0,1,1,1,2,25460
4785,25,1,1,24,2,1,4,4,0,4,1,3,0,1,1,3,1,20888
2988,48,0,3,10,3,1,3,4,4,3,1,2,1,5,1,2,0,32448
3840,54,1,3,31,2,2,4,4,3,5,2,8,1,3,1,3,3,29126
1623,45,1,1,15,2,2,2,3,1,4,1,1,0,4,1,0,2,17348
2771,40,1,3,10,3,1,3,4,1,3,0,6,1,4,1,2,2,23916
1268,53,0,1,6,3,1,2,4,4,3,1,5,1,1,0,0,0,27965
3368,36,1,1,13,2,2,4,4,0,3,0,2,1,3,1,2,1,22184
1324,29,1,1,35,2,2,3,5,1,3,1,1,0,5,1,2,2,21384
768,40,1,3,32,3,2,3,3,1,5,0,2,0,2,1,1,2,23396
2646,35,0,1,17,3,2,3,4,0,3,1,3,1,3,1,1,1,22493
300,41,1,3,8,2,2,2,3,4,4,2,2,0,3,1,0,0,31015
1235,46,1,3,8,2,2,3,3,3,3,1,5,1,3,0,2,3,25368
2832,43,1,1,7,2,1,4,4,0,5,1,5,0,3,1,2,1,21254
2789,24,1,1,33,2,2,3,4,0,3,1,3,0,2,1,2,1,21582
4066,54,1,3,13,3,2,3,4,1,3,1,4,1,5,0,2,2,20984
339,27,1,3,14,3,1,2,3,1,4,0,2,0,2,0,0,2,21214
1841,29,1,1,29,2,2,2,3,0,3,2,1,0,3,0,0,1,17201
1825,26,1,3,6,2,2,2,3,1,3,1,2,0,5,0,1,2,20296
2722,27,0,1,7,2,1,3,4,1,4,1,3,0,5,0,2,2,25075
765,38,0,1,9,2,2,2,3,0,3,0,4,0,3,1,1,1,17821
1053,57,1,1,6,2,2,3,1,1,3,0,1,0,3,1,2,2,19900
4481,35,1,3,9,2,2,3,4,1,3,3,3,0,5,0,2,2,24952
4112,39,1,1,9,2,2,3,4,1,3,1,2,0,1,1,2,2,25231
189,51,1,1,9,3,1,3,3,4,4,2,4,0,5,0,1,0,28734
4281,51,1,1,17,1,2,4,5,3,3,2,8,0,5,1,2,3,29174
4011,29,0,3,11,3,2,3,4,1,3,1,3,0,1,0,1,2,22899
2329,29,1,1,21,2,1,3,5,0,3,1,1,1,5,1,1,1,17168
1191,31,1,3,11,2,1,3,3,1,3,1,2,0,1,0,2,2,20476
528,50,0,3,14,1,2,2,3,1,3,0,4,1,5,1,0,2,21796
2476,31,1,1,16,3,2,3,5,0,3,2,3,0,4,1,2,1,20884
4853,33,1,1,9,3,2,3,4,1,4,1,6,0,4,1,2,2,23561
1512,26,1,1,31,2,2,2,5,0,3,2,2,0,1,0,0,1,17293
2061,33,1,3,22,3,1,3,3,1,5,2,6,0,3,1,0,2,20324
377,36,1,1,8,2,1,3,3,0,3,0,5,0,5,1,0,1,17543
3974,33,1,1,7,3,2,3,4,1,3,1,3,1,4,1,2,2,24840
170,27,1,1,23,1,2,2,3,0,4,0,1,1,4,1,0,1,18058
2558,35,1,1,13,2,1,3,5,1,4,1,8,0,3,0,2,2,23183
1830,57,1,1,6,3,2,2,3,1,3,1,3,0,3,0,1,2,21755
4347,47,1,3,17,3,1,4,5,3,3,1,4,1,1,0,1,3,27749
1757,38,1,1,29,2,2,2,3,1,3,1,1,0,3,0,1,2,20745
4814,37,0,1,10,1,2,3,4,0,4,1,3,0,3,0,2,1,22370
4161,35,1,1,9,2,2,3,5,1,5,1,8,0,4,0,2,2,24635
2408,58,1,1,8,1,1,3,4,3,3,1,1,0,5,0,0,3,17372
1080,46,1,3,9,2,1,2,3,4,4,0,1,0,4,1,0,0,31606
2308,42,0,3,18,2,2,2,3,4,5,2,1,1,5,1,1,0,28758
4457,45,0,1,31,3,2,3,6,0,3,3,4,0,3,0,1,1,22386
1431,32,1,3,6,3,1,2,3,3,3,1,2,0,5,1,0,3,25422
4577,22,1,1,25,2,1,4,4,0,3,3,3,0,3,1,3,1,21371
2318,35,0,1,10,2,2,2,4,0,3,1,2,0,1,1,1,1,17376
857,44,1,1,16,2,2,3,3,0,3,2,2,1,3,1,2,1,17936
55,33,0,1,6,2,0,3,3,3,3,3,2,1,2,1,0,3,28458
2361,44,1,1,8,2,1,3,1,0,3,1,2,0,4,1,2,1,17011
3742,47,1,1,28,3,1,4,4,1,4,1,6,0,3,1,3,2,27604
3098,40,1,2,9,2,1,3,5,1,3,0,2,0,3,0,1,2,23882
3087,43,1,1,10,2,1,4,2,1,3,0,4,1,5,0,1,2,23909
757,34,1,3,6,3,2,3,1,1,3,1,1,0,5,1,2,2,24725
3260,40,0,1,16,2,2,4,4,1,4,3,22,0,2,1,1,2,25460
1158,37,1,1,25,2,2,2,3,1,3,1,4,0,1,0,0,2,20768
3635,32,1,3,12,2,1,4,4,1,3,1,3,0,1,0,3,2,24154
4525,36,1,1,14,2,2,3,4,3,3,2,5,0,3,0,2,3,28899
4679,39,0,1,10,2,2,3,4,0,3,1,5,0,3,1,1,1,21499
275,37,0,1,6,3,1,1,3,3,3,1,3,1,3,0,0,3,28603
4782,29,1,1,26,3,2,4,5,0,5,1,3,0,3,1,2,1,21874
4170,43,1,1,9,3,1,3,5,0,5,1,2,1,4,1,2,1,21271
3646,39,1,1,11,3,1,3,4,0,3,1,2,0,5,0,1,1,21984
2111,32,0,3,11,2,2,2,3,1,4,1,2,0,3,1,1,2,21524
1056,28,0,3,6,1,2,3,3,0,3,0,4,0,3,1,0,1,17909
678,48,1,1,26,3,2,2,3,0,3,0,5,0,2,0,0,1,17259
1100,35,1,3,34,2,1,3,4,0,3,1,1,0,4,1,2,1,17430
4758,31,1,3,17,3,2,4,5,1,3,1,3,0,1,0,2,2,25256
946,40,1,3,31,3,2,2,4,3,4,3,3,1,5,0,1,3,24094
4500,25,0,1,16,2,2,3,5,0,4,1,3,0,5,0,2,1,21372
2796,49,1,3,36,3,1,4,4,3,3,0,5,0,4,0,1,3,31182
2577,42,1,3,16,2,2,4,4,3,3,1,5,1,2,0,2,3,26867
3395,42,0,3,17,3,2,3,6,1,4,3,3,0,1,1,1,2,24829
815,21,1,1,6,1,1,3,4,0,4,2,2,1,5,0,2,1,17070
2406,45,1,3,7,2,2,3,4,1,5,1,2,0,4,1,2,2,33061
3574,36,1,1,35,2,2,3,2,1,3,1,3,0,5,1,1,2,22085
1175,39,1,1,18,3,2,3,3,1,4,1,5,0,3,1,1,2,20295
1358,31,1,3,16,3,1,2,3,1,3,1,3,1,1,0,0,2,21583
542,38,1,1,6,2,1,2,3,3,3,3,5,1,2,0,1,3,22861
699,52,1,1,6,2,2,3,3,4,3,0,3,0,2,1,1,0,32099
1525,33,0,1,6,2,0,3,3,3,3,3,2,1,1,1,0,3,28458
2285,21,1,1,6,1,1,3,4,0,4,2,2,1,5,1,1,1,17070
176,33,1,1,8,2,2,2,3,0,3,2,1,0,3,0,1,1,17500
3325,33,0,1,9,2,0,3,4,1,3,3,6,1,5,1,2,2,23676
2650,23,1,1,12,2,2,3,3,0,4,1,3,1,4,0,1,1,21006
3091,36,1,1,32,1,2,4,5,3,4,0,5,0,3,1,2,3,29581
616,51,1,3,32,3,1,3,3,4,3,0,3,0,3,0,1,0,31307
4774,23,0,1,10,2,2,3,5,0,3,1,2,1,3,0,2,1,21531
387,40,1,3,8,3,1,2,3,1,4,1,1,0,2,0,1,2,20715
667,41,1,1,8,2,1,2,5,0,3,1,5,1,3,0,0,1,17778
2885,43,0,1,12,2,2,4,4,0,3,0,6,0,3,1,1,1,20771
2712,46,1,1,27,3,2,4,4,4,3,0,2,1,3,0,1,0,32174
1368,34,0,1,28,2,2,2,4,1,3,1,2,1,1,1,0,2,20747
1562,30,1,3,10,3,1,3,4,1,4,1,2,1,3,1,0,2,20209
1756,44,0,1,30,2,2,2,3,0,3,1,4,1,5,0,1,1,18161
3228,39,1,1,24,2,1,4,5,3,3,0,2,0,2,0,3,3,27501
1275,51,1,1,9,1,1,2,3,3,3,1,3,0,4,1,1,3,28116
4454,29,1,1,7,2,1,4,6,0,4,2,2,1,1,1,3,1,20894
2689,32,0,1,10,3,2,4,4,3,3,1,2,0,4,1,3,3,32353
2619,57,1,1,15,2,1,4,4,0,5,1,6,1,4,1,2,1,22935
1369,28,1,3,19,3,0,2,3,1,3,3,4,1,5,1,1,2,24854
1178,20,1,3,8,3,1,2,3,0,3,2,2,0,4,0,0,1,17783
3654,34,1,1,28,3,2,4,2,0,4,1,3,0,1,1,2,1,20706
4165,40,0,1,9,1,1,4,4,3,3,2,2,0,1,1,3,3,29616
3177,27,1,1,9,3,2,3,2,1,3,0,3,0,3,1,2,2,24150
2301,31,0,1,21,3,2,3,3,0,3,1,2,0,4,1,0,1,17610
497,44,1,1,9,2,2,2,3,2,3,0,5,1,2,1,0,4,34513
3573,43,1,1,16,2,2,4,5,2,3,2,2,0,1,1,2,4,38291
989,37,1,1,10,2,2,2,3,0,3,0,1,1,5,1,1,1,17996
2919,27,1,3,35,3,2,4,4,1,4,0,3,0,3,1,1,2,24950
2179,31,0,1,15,3,2,2,4,0,5,2,1,1,3,0,1,1,17321
2809,47,0,1,14,3,1,2,4,1,3,0,4,0,5,0,1,2,23936
3804,32,1,1,11,3,1,4,2,0,3,1,2,0,5,1,3,1,22656
3979,56,1,1,15,3,1,3,4,4,3,1,4,1,3,1,2,0,33434
2896,46,1,3,9,2,2,4,4,1,4,0,2,0,5,1,1,2,23483
3744,35,1,3,15,1,2,4,2,1,3,1,3,0,1,0,3,2,25477
4364,32,1,3,9,2,2,4,4,1,3,3,6,1,5,1,2,2,25260
2616,37,0,1,10,3,2,2,4,0,4,2,6,0,4,1,1,1,20766
4152,33,1,3,11,2,1,3,4,0,4,1,4,0,3,1,2,1,22609
754,33,0,3,14,2,1,2,4,0,3,2,1,0,2,1,1,1,17342
1084,34,1,3,6,1,2,3,4,3,3,0,2,1,1,1,1,3,22083
1750,53,1,1,9,3,2,2,3,4,3,1,4,1,5,1,0,0,32584
4653,28,1,1,9,2,1,3,4,1,3,1,2,0,5,1,1,2,22905
2495,29,1,1,12,1,2,3,4,0,3,3,3,1,2,1,1,1,22119
1544,36,1,1,12,2,1,2,1,0,3,1,4,0,1,0,0,1,18038
1467,27,1,1,10,2,2,2,1,1,4,1,2,1,4,1,0,2,21142
2915,39,1,1,17,3,1,4,4,1,3,0,5,0,3,1,3,2,28502
4110,36,0,1,9,3,1,3,4,1,4,3,7,0,1,0,1,2,23103
2593,20,1,1,10,3,1,4,4,0,4,2,3,0,3,1,3,1,20161
493,44,1,2,6,2,1,2,4,1,3,2,5,0,5,1,1,2,20985
2424,42,0,2,14,2,1,3,4,0,3,1,7,0,5,1,1,1,32861
1278,36,1,1,16,2,2,2,3,3,5,1,1,1,5,1,1,3,23321
2385,21,0,3,24,3,1,3,3,1,3,1,1,1,5,0,1,2,17625
3949,44,1,1,9,3,1,4,2,0,3,1,3,0,1,1,3,1,21323
4409,28,1,3,9,3,2,3,4,0,5,1,2,0,5,1,2,1,21719
285,37,1,1,6,2,1,2,3,0,3,2,2,0,2,1,1,1,17115
56,35,0,3,24,2,2,3,3,3,5,0,2,0,4,1,0,3,24069
2497,36,0,1,18,3,2,4,5,3,5,0,4,1,5,1,2,3,28562
2141,34,1,1,16,2,2,2,3,0,4,1,2,0,1,1,1,1,17008
3660,44,1,3,9,3,2,4,4,1,3,1,3,1,3,0,1,2,26525
134,26,1,2,31,2,1,3,3,0,3,0,2,0,4,1,0,1,17942
3544,36,1,3,35,2,1,4,5,0,3,1,2,0,4,1,3,1,21108
29,46,1,3,8,3,1,2,3,2,5,2,4,0,2,0,1,4,33947
2010,28,1,1,6,2,1,3,5,0,4,2,1,1,1,1,2,1,17216
1468,49,0,3,8,3,2,3,4,1,4,1,3,0,3,1,2,2,20390
4192,27,0,1,7,2,1,3,4,1,4,1,3,0,5,1,2,2,25075
2999,30,1,3,17,3,2,3,4,0,4,1,3,0,2,0,2,1,20975
2187,27,1,1,22,1,1,2,3,0,4,1,1,0,1,1,0,1,17811
3812,35,0,1,29,2,2,3,5,1,3,1,3,1,1,1,1,2,24425
1676,22,1,1,11,2,2,2,1,0,4,1,2,1,4,1,0,1,17328
3350,35,1,1,27,1,1,3,2,0,3,0,2,0,1,1,1,1,21263
2720,36,1,1,29,2,1,4,3,3,4,1,2,0,5,1,2,3,30674
1310,58,0,1,21,2,2,2,3,4,3,1,3,1,1,1,0,0,30787
2578,27,1,2,32,2,1,4,4,0,3,0,3,0,4,1,1,1,21620
3634,33,1,1,9,3,2,3,4,1,4,1,2,0,4,0,2,2,24148
1747,38,1,3,13,3,1,2,1,1,5,1,2,1,3,1,1,2,20605
3794,28,1,3,9,3,0,3,2,1,3,3,2,0,1,0,2,2,25178
1643,30,0,1,15,3,2,3,3,1,5,1,2,0,1,1,1,2,18072
728,54,1,1,23,1,1,2,3,3,3,0,1,0,5,1,0,3,25739
4548,26,1,3,10,2,2,4,4,1,5,1,3,1,4,0,3,2,22872
457,18,0,3,11,3,2,3,3,0,4,2,2,1,4,1,2,1,16878
3153,32,0,1,16,3,2,3,5,0,5,2,2,1,3,1,1,1,20999
2799,27,1,3,7,2,2,3,4,1,3,0,3,0,5,1,1,2,23974
3779,40,1,1,26,2,2,3,4,1,3,1,2,0,5,1,1,2,22580
1005,29,1,2,23,2,2,2,4,3,5,3,2,0,3,0,0,3,22988
2608,28,0,1,10,3,2,4,5,0,3,1,3,1,2,0,3,1,21244
4634,31,1,1,29,2,1,3,4,0,3,1,6,1,1,0,1,1,20810
4398,32,1,3,13,3,2,4,2,1,3,1,6,0,5,1,2,2,24138
4709,38,1,3,17,2,1,3,5,1,3,1,4,1,4,1,2,2,25372
2769,32,0,1,14,2,1,3,5,3,3,0,3,0,2,1,2,3,27621
1738,45,1,1,26,3,2,3,3,4,3,1,1,1,3,1,1,0,28496
2551,26,1,3,12,3,2,3,5,1,3,3,3,1,3,1,1,2,24422
4242,34,0,3,17,3,2,3,5,1,3,3,5,0,3,1,1,2,23360
2339,46,1,1,21,2,2,2,3,2,4,1,6,0,3,1,1,4,34081
1121,36,1,3,6,2,1,3,3,1,3,3,7,0,1,1,1,2,21815
832,37,1,1,31,3,1,2,4,1,3,1,1,0,3,0,1,2,20731
3500,29,0,3,7,1,2,4,4,0,3,0,5,0,3,1,1,1,21587
1844,28,1,3,15,2,2,3,3,1,3,2,2,0,3,1,1,2,20253
3239,38,1,3,17,2,1,3,5,1,3,1,4,1,4,0,1,2,25372
3823,28,0,2,29,2,1,3,5,0,4,1,3,0,1,1,1,1,21541
999,42,1,2,16,2,1,2,3,4,5,0,1,0,3,0,1,0,31799
1011,36,1,3,9,3,0,2,3,1,4,3,4,1,4,0,1,2,24278
1138,50,0,1,26,3,2,2,3,4,3,1,3,1,4,1,1,0,26245
3580,29,1,1,31,3,2,3,4,0,4,1,3,1,1,0,1,1,21086
3495,45,0,3,7,3,1,4,4,1,3,0,2,0,4,1,2,2,23446
4284,22,1,3,19,2,1,3,2,0,4,3,3,0,5,0,2,1,21394
3114,28,1,1,11,2,1,4,4,0,3,2,3,0,2,1,2,1,20996
4028,35,1,1,13,2,1,3,5,1,4,1,8,0,3,1,1,2,23183
3647,54,1,1,31,3,2,3,2,3,3,1,5,0,3,0,2,3,25683
1265,33,0,1,10,1,2,2,3,1,4,1,6,0,1,0,0,2,18055
2847,42,1,3,7,3,2,3,3,3,5,0,3,0,3,1,2,3,27070
1255,33,1,3,22,2,0,3,3,3,5,3,3,1,5,0,0,3,23564
4146,60,1,2,13,3,2,3,4,0,3,1,2,0,4,0,1,1,20945
1359,34,1,3,9,3,1,3,4,1,3,1,4,1,3,0,0,2,23103
1556,23,1,3,8,1,2,3,3,0,5,1,4,0,3,1,2,1,17322
3467,57,1,1,7,2,1,3,4,0,5,0,4,0,5,1,2,1,20744
3480,32,0,1,9,2,2,4,4,0,3,0,8,1,3,1,2,1,22400
3807,34,1,3,17,3,2,3,4,1,3,3,3,0,1,0,1,2,24165
4517,46,1,1,9,2,1,4,5,0,3,2,3,0,3,1,1,1,20952
1721,39,0,1,8,1,0,3,3,3,3,3,1,0,1,1,2,3,25938
4010,25,1,3,10,2,1,3,4,1,3,1,2,0,4,0,1,2,23677
3946,31,1,1,16,3,2,3,5,0,3,2,3,0,4,0,2,1,20884
2326,20,1,1,5,2,2,2,4,0,3,2,2,0,3,0,0,1,18033
574,34,1,1,6,2,1,3,1,0,3,2,3,0,2,0,0,1,18280
1384,34,1,3,6,3,2,2,3,3,3,3,2,0,5,1,0,3,24888
736,48,1,1,10,2,2,3,4,3,3,3,1,0,5,1,1,3,25999
2072,30,1,1,8,3,1,2,4,1,3,3,6,1,1,1,1,2,21877
588,50,1,1,8,3,2,3,3,4,3,0,6,0,2,0,1,0,32639
3425,36,0,3,25,3,1,4,4,1,3,0,2,1,5,1,3,2,23292
16,32,1,1,11,2,2,3,2,0,4,1,1,1,2,1,0,1,18298
838,42,0,3,18,2,2,2,3,4,5,2,1,1,5,1,1,0,28758
4038,32,1,3,13,2,2,4,6,1,3,1,6,1,3,0,3,2,24850
848,35,0,1,10,2,2,2,4,0,3,0,2,0,2,1,0,1,17376
4616,31,1,3,15,2,2,4,4,3,3,1,7,0,3,1,1,3,25942
4486,30,1,1,34,3,1,4,4,1,3,1,6,0,1,0,2,2,23013
3186,51,1,1,16,2,2,4,4,0,3,0,6,0,5,1,1,1,21058
3462,37,1,1,11,2,2,3,5,1,3,3,3,0,5,1,2,2,24488
608,55,1,3,8,3,2,2,3,1,3,2,5,0,2,0,1,2,20160
2937,45,1,2,7,2,0,3,5,1,3,3,6,0,5,1,2,2,24663
575,54,1,1,25,3,1,3,3,1,5,1,1,1,3,0,0,2,20485
346,41,1,1,12,3,2,3,4,1,4,2,7,1,3,1,0,2,21032
2557,25,1,1,25,2,2,3,4,0,3,0,2,0,4,1,1,1,21452
3964,49,1,1,7,2,2,4,5,3,3,3,2,1,5,0,1,3,24059
3749,55,1,1,14,3,1,4,4,1,3,1,6,0,3,1,2,2,25532
7,30,1,1,30,2,2,3,3,0,3,1,2,0,2,0,1,1,17693
583,34,1,3,14,2,1,3,3,1,5,0,6,0,2,1,0,2,21500
3709,34,0,1,11,1,2,3,4,1,4,1,7,0,1,0,1,2,21733
4538,54,1,3,14,3,1,4,5,3,3,1,2,1,1,0,2,3,29612
1655,33,1,1,20,3,1,3,3,0,4,1,2,0,5,1,1,1,17756
3863,43,1,1,25,2,2,3,4,1,5,1,8,1,1,0,1,2,24088
1181,49,1,1,12,2,1,2,4,4,3,1,3,1,5,1,0,0,28966
385,30,0,1,10,1,2,2,3,0,3,2,19,1,4,1,1,1,17285
2343,36,1,1,12,2,2,2,5,0,3,1,2,0,1,1,0,1,17741
4566,38,0,3,26,3,2,3,4,3,4,3,3,1,5,0,1,3,26320
670,27,1,1,10,2,1,3,3,0,3,2,2,0,2,1,1,1,17318
4299,31,0,1,11,1,2,3,4,0,3,2,2,1,4,1,1,1,20963
2434,34,1,1,16,3,2,2,3,1,5,2,2,0,4,0,0,2,21125
876,20,1,3,27,3,2,2,1,0,3,2,2,0,3,0,0,1,17678
4761,35,0,1,8,3,2,4,5,1,5,3,2,0,1,0,1,2,24021
4779,31,1,3,36,2,2,4,4,1,5,1,2,0,1,1,1,2,22793
4597,26,1,3,26,3,2,3,5,0,4,1,3,1,1,0,2,1,21091
3339,32,1,1,18,3,2,4,4,1,5,0,3,1,2,0,3,2,25511
237,52,0,3,8,2,2,3,4,2,3,2,2,1,2,1,2,4,34068
3402,35,1,1,16,2,2,3,4,3,3,1,2,0,5,1,2,3,27178
1764,37,0,1,15,3,2,2,3,0,3,1,2,1,1,0,1,1,17326
2255,40,1,1,26,1,2,3,3,3,3,1,5,0,3,1,1,3,25322
1905,33,1,1,21,3,2,2,3,3,3,1,1,1,5,1,0,3,28610
1796,39,0,1,13,3,2,2,4,2,3,1,2,0,5,1,0,4,34272
3691,32,1,3,12,1,2,3,4,1,3,1,3,0,5,0,2,2,27024
2065,58,1,1,8,2,2,2,3,2,4,2,1,1,3,1,0,4,34246
904,48,1,1,6,2,2,3,4,2,3,2,7,0,3,1,0,4,33265
860,22,0,1,9,2,2,2,4,0,3,0,1,1,3,0,0,1,17853
3848,43,0,1,30,2,2,3,5,1,3,3,3,0,3,1,2,2,23010
3075,45,1,1,15,2,2,4,2,0,3,0,4,1,3,1,3,1,21496
3667,48,0,3,16,2,2,3,6,4,3,1,2,0,5,1,2,0,31614
3397,45,1,1,10,2,2,3,4,0,5,0,6,0,5,1,2,1,21040
2190,30,1,1,28,2,1,2,3,0,3,1,5,1,1,0,0,1,17132
2183,45,1,1,6,3,1,3,3,0,3,1,4,0,5,1,0,1,17270
1316,43,0,3,8,2,2,3,3,1,3,1,2,0,3,1,2,2,20675
3659,36,0,1,9,3,2,4,5,0,3,3,2,1,3,1,1,1,23608
3680,37,1,3,20,3,2,4,5,1,5,1,7,1,1,1,1,2,24812
1079,39,1,1,12,2,1,2,3,3,4,3,5,0,3,0,1,3,23376
1775,36,0,1,30,2,1,2,3,1,4,1,1,0,3,1,1,2,20674
2418,30,1,1,8,2,2,3,3,0,4,3,2,0,3,0,0,1,26916
3317,37,1,1,13,2,2,3,6,0,3,1,3,0,2,0,1,1,21419
3653,61,1,1,7,3,2,4,6,3,3,1,5,0,5,0,1,3,29561
4451,28,0,1,17,2,2,3,4,3,5,1,3,0,3,0,2,3,27471
3220,21,0,3,16,3,1,3,4,0,3,2,3,1,4,0,1,1,21001
1990,48,1,3,8,3,2,2,1,1,4,1,4,0,3,0,1,2,23120
937,39,1,1,19,3,1,3,4,4,4,1,7,1,3,1,2,0,32123
2240,46,1,1,6,3,2,2,3,2,3,1,1,0,5,1,0,4,34627
164,27,0,1,9,3,2,3,4,0,3,1,2,1,2,0,2,1,17566
3919,33,0,1,9,2,2,4,4,0,3,3,2,0,3,1,2,1,21746
584,42,0,1,14,2,2,3,3,2,3,1,2,0,5,0,1,4,33430
663,21,1,1,24,2,1,3,3,0,3,2,2,0,3,1,1,1,17693
3511,48,1,3,21,3,1,4,4,1,3,0,5,1,5,1,1,2,23269
3237,29,1,1,22,2,2,3,4,0,3,1,3,0,4,1,2,1,20885
31,44,1,1,16,2,2,2,3,1,3,0,3,1,3,1,1,2,21465
2148,48,1,1,26,3,2,2,3,0,3,1,5,0,1,1,0,1,17259
2107,32,0,1,6,2,2,3,3,0,3,1,1,0,5,1,0,1,17314
1152,21,1,1,11,3,2,3,3,0,3,2,2,0,1,1,1,1,18117
3320,21,1,3,28,3,2,3,2,0,3,3,3,0,3,0,1,1,21356
3909,37,0,1,30,3,2,3,2,1,3,1,6,0,3,0,1,2,21249
2475,45,1,1,17,2,2,3,4,1,3,0,4,1,3,1,2,2,25143
4707,29,1,1,22,2,2,3,4,0,3,1,3,0,4,0,1,1,20885
2669,60,1,1,10,2,2,4,5,0,3,0,5,0,3,0,2,1,20855
1395,31,0,3,32,3,2,3,3,1,3,1,2,1,3,0,1,2,20617
1382,31,0,1,9,3,2,2,3,0,5,1,2,1,1,0,0,1,18065
3895,39,1,3,17,2,1,4,4,1,3,1,3,0,4,0,3,2,24021
1970,32,1,1,15,2,1,3,3,1,3,1,2,1,5,1,2,2,21322
4133,55,1,3,10,3,1,3,4,1,5,1,4,0,4,1,1,2,24618
1530,32,1,1,6,3,2,2,3,1,3,1,2,1,4,1,1,2,21162
4549,36,1,1,16,2,1,4,5,3,3,1,3,1,4,1,3,3,29363
2501,36,1,1,30,3,1,2,4,0,5,0,5,1,4,1,1,1,22692
982,38,0,1,13,2,2,2,1,0,3,1,2,0,3,0,0,1,17610
3474,32,1,3,15,2,2,3,4,3,3,1,3,0,3,1,1,3,29471
3632,30,1,3,12,3,2,3,5,1,4,1,3,1,5,0,1,2,22865
3373,29,0,1,9,2,2,3,5,0,3,0,3,1,4,1,1,1,22545
593,36,1,1,6,2,1,2,3,1,4,0,1,0,5,0,0,2,20228
4524,28,1,1,12,1,2,3,5,3,3,1,3,1,3,1,2,3,31486
2140,27,1,1,10,2,1,3,3,0,3,2,2,0,1,0,0,1,17318
1471,49,0,1,14,2,2,3,4,1,4,1,2,0,1,0,0,2,20130
4682,41,1,3,33,3,2,4,4,1,5,1,3,0,1,1,3,2,27074
1629,34,0,3,8,3,1,3,3,0,3,1,7,0,5,0,0,1,17231
226,37,0,3,10,3,2,2,3,0,3,1,5,0,4,1,0,1,17177
2289,28,1,1,8,2,2,3,4,0,4,1,1,0,1,0,2,1,18201
4546,43,0,1,9,3,2,3,4,0,3,2,7,1,1,1,2,1,21193
1315,36,1,1,8,2,1,3,3,1,4,1,5,1,4,0,0,2,21962
4406,49,1,1,7,2,1,3,5,4,5,1,2,0,4,0,1,0,34080
1420,41,1,1,6,2,2,3,3,0,3,1,4,0,1,0,0,1,17782
4591,50,1,1,15,2,1,3,4,3,4,1,6,0,4,0,2,3,26081
4181,26,0,1,12,2,2,3,2,1,5,1,3,0,5,1,2,2,22678
4864,32,1,2,29,2,2,3,6,0,3,1,3,0,1,0,2,1,28530
1908,35,1,1,22,2,2,3,3,3,3,1,5,1,1,0,0,3,22632
441,42,0,1,11,2,2,3,3,0,3,0,5,0,3,1,0,1,17093
2123,50,0,1,8,2,2,3,3,4,5,1,2,0,5,1,1,0,32924
3257,40,0,1,9,2,2,3,4,4,3,1,2,0,3,1,1,0,30847
3890,35,1,3,35,3,1,4,5,1,3,1,3,0,5,1,1,2,25390
1647,19,1,1,8,2,2,2,4,0,3,2,2,0,5,1,0,1,16102
1010,55,1,1,6,3,2,2,1,4,3,1,3,0,5,1,0,0,29732
171,19,0,3,6,1,1,3,5,0,5,2,1,0,3,1,1,1,17325
3413,49,1,1,11,2,2,3,4,3,3,3,3,0,5,1,2,3,26576
3151,48,0,1,23,3,2,4,2,1,3,1,3,1,2,0,1,2,23745
4199,38,1,1,7,2,1,3,4,0,3,2,3,0,1,1,1,1,20793
2569,27,1,1,13,2,1,3,5,0,4,0,3,0,3,1,1,1,21046
1555,56,1,1,13,2,2,2,5,3,3,3,5,0,1,0,0,3,22260
1348,40,1,1,6,2,2,3,3,4,5,1,3,0,3,1,2,0,31823
3390,41,1,3,32,3,2,3,5,3,4,3,4,1,5,0,2,3,27772
4332,27,1,1,30,2,1,3,4,0,3,1,3,0,3,0,1,1,21564
4009,55,1,1,9,1,1,3,4,3,3,1,2,0,4,0,1,3,32227
780,28,0,1,30,1,2,3,4,3,5,3,2,0,2,0,0,3,23722
4505,34,1,3,23,3,0,4,4,1,5,3,7,0,3,1,1,2,24002
102,20,0,1,12,2,1,3,4,0,3,2,2,1,2,1,1,1,17926
2629,34,1,1,21,3,1,4,4,0,4,0,3,0,5,0,1,1,21434
3715,22,1,3,14,3,2,3,4,0,4,3,3,0,5,1,2,1,21357
3633,34,1,3,9,3,2,4,4,1,3,1,3,0,3,1,2,2,24183
1815,23,1,1,32,2,2,2,3,0,3,1,2,0,1,0,1,1,17904
3248,49,0,1,7,3,2,3,2,4,3,2,4,0,2,0,1,0,35563
3791,37,0,2,9,2,2,4,5,1,3,3,3,0,3,1,1,2,22564
1289,38,0,2,8,2,2,3,3,0,4,1,6,0,3,1,2,1,17592
2472,45,1,1,14,3,1,3,5,3,3,0,5,0,4,1,1,3,28926
2347,46,1,1,8,1,2,2,3,1,3,1,3,0,1,0,0,2,22379
2014,47,0,3,9,3,1,2,3,4,3,1,1,1,5,1,0,0,28770
351,32,1,1,8,3,1,3,3,0,4,0,2,0,4,0,0,1,17370
4621,48,0,1,23,3,2,4,2,1,3,1,3,1,1,1,1,2,23745
487,20,1,1,6,2,1,2,4,0,4,2,2,0,4,1,0,1,17836
4550,36,0,1,32,2,1,4,4,0,4,1,3,1,3,1,2,1,20700
1969,33,1,3,14,3,2,2,3,1,3,1,1,0,1,0,0,2,22104
978,40,1,1,8,3,1,2,1,1,3,1,6,0,3,1,0,2,21377
2269,42,1,1,8,3,2,2,3,4,5,1,1,0,3,1,0,0,32665
1253,33,0,3,8,3,1,3,3,1,4,2,1,0,1,0,0,2,20147
1791,31,1,3,13,3,2,3,3,1,3,1,5,0,1,0,0,2,22547
212,27,0,3,26,2,0,2,3,1,3,3,2,0,2,1,1,2,24981
973,35,1,1,6,3,1,2,4,1,3,0,1,0,1,1,1,2,20363
4157,41,1,1,31,1,2,4,4,1,3,1,3,0,3,1,2,2,21997
925,42,1,1,13,3,1,3,1,1,4,0,7,1,1,0,0,2,17372
361,40,1,1,16,2,1,2,2,0,3,0,4,1,3,0,1,1,17213
947,52,1,3,11,2,2,3,3,3,4,3,1,1,4,1,1,3,23446
4092,47,1,3,7,3,1,4,4,3,5,1,3,0,1,1,3,3,29131
4564,44,0,1,7,2,1,3,4,1,3,1,6,0,1,1,2,2,24240
3968,27,1,3,30,3,1,3,5,1,3,1,2,1,1,0,1,2,22835
4094,32,1,1,19,3,1,4,4,0,3,1,2,1,4,1,2,1,22607
2612,39,1,3,7,2,0,3,5,1,3,3,6,0,2,1,2,2,27364
1475,32,0,1,8,2,2,3,3,0,3,2,1,0,3,1,1,1,18068
2359,27,1,1,20,2,2,2,3,0,5,1,2,1,4,1,0,1,17235
3966,45,1,3,7,3,1,4,4,1,5,1,7,1,1,1,2,2,24132
2611,31,1,3,12,2,1,3,4,3,3,0,4,0,4,1,2,3,28097
136,51,0,1,14,2,2,2,5,3,3,3,3,0,2,0,1,3,25650
370,21,1,3,18,2,1,2,2,0,4,2,2,0,5,0,1,1,17716
2540,25,1,3,10,2,1,3,4,1,3,0,2,0,4,1,1,2,23677
2943,34,1,3,15,3,2,3,4,1,3,1,2,0,2,1,2,2,25782
587,52,1,1,17,2,1,2,3,1,3,0,1,0,2,1,1,2,18149
2595,36,1,3,7,3,2,4,4,3,4,0,3,0,4,1,3,3,25973
324,30,1,1,34,3,1,3,3,1,3,0,2,0,3,0,2,2,20775
1601,50,0,3,18,3,0,3,3,3,3,3,5,0,5,1,2,3,24208
2596,54,1,3,13,3,2,3,4,1,3,0,4,1,5,0,1,2,20984
2617,31,0,1,16,3,2,4,4,1,5,1,3,0,2,0,2,2,21750
133,41,1,3,15,2,2,3,3,3,3,1,4,1,2,0,1,3,23189
3726,34,1,1,15,2,2,3,2,0,5,1,8,0,3,1,2,1,21821
828,18,0,1,14,3,2,3,3,0,3,2,2,0,5,0,0,1,16904
4069,30,0,1,7,1,2,3,4,1,3,1,3,0,3,0,1,2,22997
1962,48,1,1,6,2,1,2,4,4,5,1,1,0,4,0,0,0,30402
1878,52,1,1,10,2,1,1,3,4,3,1,3,0,5,1,0,0,31555
4686,57,0,1,16,3,1,4,4,0,3,1,4,0,1,1,1,1,21620
152,53,1,3,12,3,2,2,3,1,3,0,3,1,5,0,0,2,17306
1531,38,0,1,35,2,1,2,3,1,3,2,2,0,3,1,0,2,17406
4632,46,0,1,30,2,2,3,4,1,5,1,3,1,1,1,1,2,22311
2192,38,0,1,16,3,2,3,3,0,3,1,1,0,5,0,0,1,17684
3126,33,0,1,7,2,1,4,5,0,4,0,8,0,3,1,1,1,21010
4013,45,0,1,30,3,2,4,4,1,4,1,6,0,3,0,2,2,20720
4310,44,1,1,15,2,1,4,4,1,3,1,6,1,1,1,1,2,23200
0,41,1,3,6,2,1,3,3,1,3,2,1,1,2,1,0,2,20993
4668,34,0,3,15,2,1,3,5,0,3,2,2,0,1,0,2,1,21020
1437,39,0,1,15,2,2,2,3,2,3,2,3,0,4,0,1,4,34431
3977,60,1,3,32,2,0,5,4,3,5,3,2,0,3,1,2,3,26315
2070,32,1,1,10,2,1,3,4,1,3,1,2,0,4,1,1,2,21162
992,39,0,1,31,2,2,3,3,3,3,0,4,0,1,0,0,3,25920
1626,51,1,1,13,3,2,2,4,1,3,1,3,0,3,1,1,2,21132
4460,30,1,3,17,2,2,4,4,0,3,3,3,0,4,1,1,1,21320
2425,55,1,3,15,3,1,2,5,0,4,2,2,0,1,1,1,1,34187
2350,32,0,1,19,2,1,3,4,0,4,1,2,0,5,1,0,1,17743
4847,29,1,1,8,1,2,4,5,0,5,2,8,0,3,1,2,1,20758
2037,34,1,3,8,2,2,2,3,1,3,2,2,0,5,0,1,2,21274
3129,27,0,3,7,3,2,3,5,1,5,3,3,0,3,1,2,2,22972
771,54,1,3,8,2,1,2,4,3,3,0,7,0,5,1,0,3,25686
